Код;Количество
0104650650187963215hzRtO2B'mcaTOXMNo<691EE12925dZbO7nr/iJ0dLBJO4zG38kKaXjJGXw78SXl8kEzrvg=;100
0104650650187963215nYGSDp/HY>StL!uHpdV91EE1292GClU2Zeo05MhjDsziNbcyzVJgwabfULmuBIaOVs/hi0=;200
"0104650650187963215""TG<biBAVUY""DRQ:'U391EE1292d/IVg4LP7qlYfFRrN7BGHs8k1LohouWwCtzKggA5VQg=";300
0104650650187963215k)rQ,EC=j4RWNNZIL)u91EE1292dgFhnphwmBzXlC1X/TP2P4SNseo8IpBWj6fZARXyDRI=;400
"0104650650187963215ZlR?FG;K;.qO?XGSD*s91EE1292MLyk08Y4nGdLeUbW2/6qagk1B1/4n0zNds4YqiOzDBg=";500
0104650650187963215q3MR!UQh+&tkKsBDJEe91EE1292HMbJUU1WpLfE6aBJqzQbb4eEtGbq/Jc1PiBG90KfKjI=;600
0104650650187963215kKQA3RfMmk(b/SJBi!y91EE1292FkNm9/mkt4yllO5RwfiP/WfHHDI3sD92OO9JhiBawXY=;700
0104650650187963215CpbrfeWvaGhnKKoY=qs91EE1292TmCyyoM/c+mKtjNkgc0jo3O8HkrAixNwiwFrbU+PnB4=;800
0104650650187963215n?si=ii)qFbk'>2T'jd91EE1292IEUdn86auCwPDLV0+3xvm0MFRC7zzUY5WfmhlVkCid8=;900
0104650650187963215oUna%cQ!TrUGgcBZqSs91EE1292SO7srM0xCCa4uEnKen8v9Vc02XdVRQwy/eVdxtwN4p0=;1000
0104650650187963215NHFl=rmRcGpo4pDCg::91EE1292224DWNydI+7Xx9g+SdOMW9Tpihp0TtjR/s9jEXW61eQ=;1100
0104650650187963215w_dgfyMdATZmlPPBN+A91EE1292r3KBGwznEwrfOOH69UmpKgDSwx1n0VMqp0g+khqF5ro=;1200
0104650650187963215gDP7t,UXRZihRxjgg0*91EE1292jbKd4k55h9MXuCP23on6i4fb2KnSn2BCH+YJanKdIyk=;1300
0104650650187963215f&=4RZ53DPskmRhgA)h91EE1292LcZKxgOVoH30MukgSsRoE3YbuFL+v5R2lyG/RDEcUl0=;1400
"0104650650187963215He)V7Pz9Qlb9mqd""Lvd91EE1292JBY9qcg0CUNrUjA+IQBBRLtGNCYs8tOMboH4rmNPPAQ=";1500
"0104650650187963215BgNBDVQ9drIpC>rDh,;91EE12923JSVWuLGlOVz2hzvHdkCArYBARdbzBAicq+q4knnw9Y=";1600
"0104650650187963215OHF4d1aDL33;mCugT'Q91EE1292cKR2SIdn30eofuu6vJ4Jl8lgz8GIpOjEYCePpTnbmPc=";1700
0104650650187963215iNUZqbb*RkHjkBYaj5V91EE12923JQpT7LMQhEHFuizjN8KNDJgl5f675vUR4xNBprKHaU=;1800
0104650650187963215oglbb=_xXFQTp/=7FRG91EE1292OO2tAvK00+HLh1MvIJCSmJUR7+FnoQsloZoPO888uL4=;1900
"0104650650187963215C4NviUs8tfYGWEh""""3f91EE1292e1+Oe4wkUTXC8UnH3uezr9ui2E9msJ3VanZB0GQxwZM=";2000
0104650650187963215l'UVw1V?l>9SL*/O-Hp91EE1292vmvQfkCMmt/ns08WJGhZ8c58W/Yz6lemaKJO9JsVa6s=;2100
"0104650650187963215""DXB:8:;tAcQLZrnIDv91EE1292qIcXmMqb8MRNrtjhg4ncwIA77tyDpnQzfvN3oq8+zqc=";2200
0104650650187963215xjf(IH:oEyHaHx9jknN91EE1292vVUVmfqCgpotJWuLLXfwZl1mY7mQAXapYer3bjcUdZU=;2300
"0104650650187963215ziG""FBufMBrDrqRUgxX91EE1292IrFaEktQgr22Zr+5W4TIau8okG19pkISjDbWq8c/Ekc=";2400
0104650650187963215KGlGs*nIV:geAinsIaj91EE129267DLn9+yaWebkQosZlg3CGeWvnm6SPvRqldQR85PGBI=;2500
0104650650187963215Jd_q2YWLoeZfbhOD6xo91EE1292EcbjwR/SX1JyACrdMGflQw8N6cSyRCeOAKpYXVUXhcc=;2600
"0104650650187963215h&cpQHkDmo>ilFtQbO""91EE1292ScSxYdujW2T3H9DmVLZh6cHN3MhJxJR/kx6x8eiVwa4=";2700
"0104650650187963215VOl6c8""H/ViqqupvcI/91EE1292zUk+9N/3L8nLI1AkvVSjiSnbJBLXUm239KirX4XRqOM=";2800
01046506501879632157u>Ybd&H(!VbSUcxDWN91EE1292GoAp4XgVFuWp+3KZ5YNOekmWNTP1YOmv5E1RZpqd6Yo=;2900
0104650650187963215w.<Td,(U7?Ul1Nmd?la91EE12927djx0vqxvZqEOAVz56t6a8jt112muCFY6mq20ky5r/U=;3000
010465065018796321583?WJT(BWgAa*fbHbS+91EE1292kbKO4a1mSvzL4G6f3NDeop3sn11e21cnGJX6BlZWAqA=;3100
0104650650187963215rZhaJZizUbpdmCV2eVy91EE1292wiq2CfvxRA0SkmLW6tZWk0tzeKvIFA7PYK5wj1NrW40=;3200
0104650650187963215:3g'XPXGeTtE<IihcMm91EE1292OqvCT3o4s7CO7HhsyIANGDl6McsRpCm+EVX5ccWadLU=;3300
"01046506501879632152eboPQiDiTsHEbCqA;e91EE1292oqLK138YfO2xfg36dvim4ImNH27LRBZNQiwuiTZSih4=";3400
0104650650187963215Rpm!HGOSl6vNWgEtPK191EE1292YujvM+QeXNSU8eJAAbVBj9WS9IEvputYA/Rgky8RZI4=;3500
0104650650187963215l>fTPMLEYP6*Qq!DQYk91EE1292gMVtRpw2BFkBUvShFfze/Id6ZGfxySWeALzzuJLcC5c=;3600
"0104650650187963215cthRtEgs%:bSyEm""GNG91EE1292pVBAtaUSJsGUpNRRuevbgHGAN+wRUhkFwGWAWxR/nVA=";3700
0104650650187963215l3rWvvPQcpRZ:FPdF'K91EE1292O3pC+GmbDMmo5DhxjDx5SitaUvA4NqanSnjJU3b8blw=;3800
01046506501879632154lZiPANCThHf,9jtdEA91EE1292GS3/5rp1O7W1bh4tdCYP/Ss0wO5PbqDDyIZKL2YXEXk=;3900
0104650650187963215V5A?=YBaqD4fytROlnI91EE1292Yfqqgn5KnymMeVu97OJKNUS20ZRktY1QTZWS5OtF4OE=;4000
0104650650187963215TNgdCW)LeitPPUuRD,x91EE1292v2pf4CkPLpPwSY/fx8Ep/TE1h67+0wbm2pUEf+QvL5w=;4100
0104650650187963215-EYhharm2FeM4iCeYKK91EE1292KhfAgP3zOluq3YX6y+nEcuVvFeJrrD88c/FuxvceuM0=;4200
"0104650650187963215Er""f;moNJOzVJBkXiYM91EE1292i+B+HG8NIv6ZaxHNYM14O6ZlsJwR2UpsH37eeBUjm58=";4300
0104650650187963215JTWDXpO1gqiPNK3)HtM91EE1292qo1T7BnfyW42cVJuovfq/b2GNc6A6eH84JiMNUti/wU=;4400
0104650650187963215rnteo2sV+kLXkGBzA:L91EE1292fCrVw6zUrpNQexJvf4wgXJ31m5ZMZOYu6MalgznhxTo=;4500
0104650650187963215>QmJoOZE)cTJ9moHKhV91EE12923kX8crqQrK9Nm02ydMig5y5Q1gm/sIXqqLO9ZBoWQ8M=;4600
0104650650187963215FUCY0Vxr6TMq6:wl%QQ91EE1292RYTfLjmPtF9Yrrxgh4BsYWyWFmmcLhRfcg3LgecqWw0=;4700
0104650650187963215QGesLTQPrWp3Igi0<Uo91EE12923/3z9CtDcLRziAqdYsDJ4meBvUk37lxGHCLH8PVypC8=;4800
"0104650650187963215sa"")KrH3TRhWc!FJ2CE91EE1292VyFw0TRqbPOX8YUgmg7NoY/BSLSttTUPz8954EDTn1g=";4900
0104650650187963215BBKc-foNWJhaaYa5<Rj91EE1292iNsBSenfjFMx8Tp/00XqkZohwjJPmR00tOih1MkBsaY=;5000
0104650650187963215Ne6cZji-Qb=P:BD=0YU91EE1292ehlame0ImfkxxQ7JMq0B8XU1flpm6+xA0Nq8NLF/mN0=;5100
"0104650650187963215cpLa;g%tHUL:OrrITCR91EE1292fsStobwt+v9nM2OOudVzuEH8NUu/KgyerndOIIUYh4s=";5200
0104650650187963215?i-C!tn'YJftd3SwEVa91EE1292kVU7Zu7XI4DMd/iWh4mgb9D1Ui9FpaTTju8uP7dq4gk=;5300
01046506501879632151GbPJvrafZnUwg=SiDC91EE1292tqTveTx8X+LDWcWe9jpSbv78D0CQ59Qt66rff8+tGyY=;5400
01046506501879632153cey'VBRbegqpUDk*>j91EE1292uQPppekSvwRizh6dlYNlQLKmz+xYC1VJbluvup8xiE4=;5500
